"event_id","event_name","event_kind","category","start_date","end_date","start_time_local","timezone","city","country","venue_or_area","date_precision","diary_layer","alex_default_status","attendance_default","visibility","likely_rooms","commercial_pressure","privacy_risk","travel_logic","render_note","canon_note","source_type","source_url"
"royal_ascot_2025","Royal Ascot 2025","real_public","sport_society","2025-06-17","2025-06-21","","Europe/London","Ascot","UK","Ascot Racecourse","exact","public_weather","public_weather","not_default","public","Almanach,Polo,London Lot","medium","medium","London/Ascot easy","Use as society/weather; do not assume attendance.","Overlaps Phoenix Hollow travel so default is public weather unless Ryan says attended.","official","https://feeds.bbci.co.uk/sport/horse-racing/articles/cx2x8w3l3ppo"
"alex_senior_recital_capture","Electric Ivory senior recital capture","canon_private","music_education","2025-06-18","2025-06-18","evening","Europe/London","London","UK","Royal Academy of Music","exact","past_context","completed","attended","private","RAM,AW,al.x","medium","low","London local","Show as completed private education/music commitment if diary covers June.","Four high-end cinema cameras and release-quality audio; unreleased; Alex owns rights.","canon",""
"phoenix_hollow_arrival_june","Travel to Phoenix Hollow after recital","canon_private","family_travel","2025-06-19","2025-06-19","","America/New_York","Lexington/Kentucky","USA","Phoenix Hollow","exact","past_context","completed","attended","private","FAM,Phoenix Hollow","low","low","Transatlantic after recital","Show as family/private travel not a dramatic exile.","He goes for Solstice and birthday after the RAM recital.","canon",""
"phoenix_hollow_solstice","Phoenix Hollow Solstice Party","canon_private","family_social","2025-06-21","2025-06-21","evening","America/New_York","Kentucky","USA","Phoenix Hollow","exact","past_context","completed","attended","private","FAM,Phoenix Hollow","low","low","Already in Kentucky","Completed family/godfamily weather.","Annual Phoenix Hollow room; private.","canon",""
"alex_22_birthday","Alex turns 22","canon_private","birthday_family","2025-06-22","2025-06-22","","America/New_York","Kentucky","USA","Phoenix Hollow","exact","past_context","completed","attended","private","FAM,Brain Trust","low","medium","Already in Kentucky","Diary can include family birthday and friend messages.","Birthday at Phoenix Hollow after Solstice party.","canon",""
"glastonbury_2025","Glastonbury Festival 2025","real_public","music_festival","2025-06-25","2025-06-29","","Europe/London","Somerset","UK","Worthy Farm","exact","public_weather","public_weather","not_default","public","Summer House,London Lot,Legacy","low","medium","UK festival travel","Use as chat/social weather; friends may reference it.","Not Alex-centred; could be in wider Summer House/London Lot chatter.","official","https://www.glastonburyfestivals.co.uk/info/"
"wimbledon_2025","The Championships Wimbledon 2025","real_public","sport_society","2025-06-30","2025-07-13","","Europe/London","London","UK","All England Club","exact","public_weather","public_weather","not_default","public","London Lot,Almanach,Polo","medium","medium","London local before Sardinia and during early Villa Serena","Use as public London society weather; do not assume attendance.","Alex is in Marylebone by 5 July then graduates 7 July and flies to Sardinia 8 July.","public","https://www.wimbledon.com/pdf/WBSContactandInvoicingInformation2025.pdf"
"british_gp_2025","British Grand Prix 2025","real_public","sport_auto","2025-07-04","2025-07-06","","Europe/London","Silverstone","UK","Silverstone Circuit","exact","public_weather","public_weather","not_default","public","Summer House,Auto,London Lot","high","medium","London/Silverstone easy but graduation week","Use as F1/auto social weather and brand-inbox context.","Could be referenced by friends/auto brands; not default attendance.","official","https://corp.formula1.com/fia-and-formula-1-announces-2025-calendar/"
"montreux_jazz_2025","Montreux Jazz Festival 2025","real_public","music_festival","2025-07-04","2025-07-19","","Europe/Zurich","Montreux","Switzerland","Lake Geneva / Montreux","exact","public_weather","public_weather","not_default","public","Music,Legacy,Summer House","medium","medium","Europe flight from London or Sardinia","Use as music-world weather only; forget music if scene does not need it.","Can matter as global summer culture weather.","public","https://www.jambase.com/festival/montreux-jazz-festival-2025"
"marylebone_pre_grad","Marylebone rented apartment final London nights","canon_private","residence_travel","2025-07-05","2025-07-07","","Europe/London","London","UK","Marylebone rented apartment","exact","past_context","completed","attended","private","Brain Trust,Boys,FAM","low","low","Back from Phoenix Hollow by 5 July","Show as practical London base before graduation.","Final nights before RAM graduation; not Albury return.","canon",""
"ram_graduation","Royal Academy of Music graduation ceremony","canon_private","education","2025-07-07","2025-07-07","","Europe/London","London","UK","Royal Academy of Music","exact","past_context","completed","attended","private_to_public_edge","RAM,FAM,Brain Trust","low","medium","Marylebone/London local","Show as completed education boundary moment.","He flies to Sardinia the next day.","canon",""
"villa_serena_arrival","Alex arrives at Villa Serena","canon_private","summer_residence","2025-07-08","2025-07-08","","Europe/Rome","Porto Cervo","Italy","Villa Serena","exact","past_context","completed","attended","private","Brain Trust,Legacy,FAM,Summer House overlap","low","low","Three-hour annual flight from London; ordinary scale","Render as routine annual Sardinia move, not a grand event.","Sardinia is normal for him; Villa Serena is staffed/open across summer.","canon",""
"samsung_unpacked_july_2025","Samsung Galaxy Unpacked July 2025","real_public","tech_launch","2025-07-09","2025-07-09","","America/New_York","New York","USA","Galaxy Unpacked","exact","commercial_inbox","public_weather","not_default","public","Serena,WME,Tech","very_high","medium","During Villa Serena stay; not attendance default","Use as context for Samsung-scale tech pressure.","Can appear in inbox as Samsung global campaign logic after the fact.","public","https://news.samsung.com/us/samsung-galaxy-unpacked-july-2025-the-ultra-experience-is-ready-to-unfold-invitation-livestream"
"goodwood_fos_2025","Goodwood Festival of Speed 2025","real_public","auto_luxury","2025-07-10","2025-07-13","","Europe/London","Chichester","UK","Goodwood Estate","exact","public_weather","public_weather","not_default","public","Auto,London Lot,Summer House","high","medium","During Villa Serena stay; UK return unlikely","Use as automotive/luxury calendar weather; do not assume attendance.","Relevant to Aston/Rolls/Range Rover/Porsche/Ford/McLaren pressure.","official","https://media.goodwood.com/2025-festival-of-speed-set-to-celebrate-the-winning-formula---champions-and-challengers/"
"bbc_proms_2025","BBC Proms 2025","real_public","music_festival","2025-07-18","2025-09-13","","Europe/London","London","UK","Royal Albert Hall and other venues","exact","public_weather","public_weather","not_default","public","Music,Serena,BBC","medium","medium","London local after 5 Aug","Use as public music/institution weather; dangerous if classical-boxing him.","Proms may produce inbox/offers but Alex is not a classical musician in his own eyes.","official","https://music-events.api.bbc.co.uk/proms/events/by/date/2025"
"education_boundary_expiry","Education-first boundary expires","canon_state","career_boundary","2025-08-01","2025-08-01","","Europe/Rome","Porto Cervo","Italy","Villa Serena / Sardinia orbit","exact","locked_state","active","attended","private_structural","Serena,AW,FAM,Brain Trust","very_high","high","Still in Sardinia/travel orbit","Render as state change not a party or announcement.","After this, adult public choices can begin; do not pre-choose them.","canon",""
"albury_private_tour","Private completed Albury tour with Sophie Ashby and Judith","canon_private","house_handover","2025-08-05","2025-08-05","afternoon","Europe/London","London","UK","Albury House","exact","past_context","completed","attended","private","AW Assets,Albury Staff,Sophie Ashby","low","high","London local after Sardinia flight","Show in backstory if diary includes 5 Aug.","Sophie Ashby and Judith/Knight Frank walk him through completed house and mechanics.","canon",""
"brain_trust_albury_dinner","Brain Trust/private friends Albury dinner and tour","canon_private","friend_social","2025-08-05","2025-08-05","evening","Europe/London","London","UK","Albury House","exact","past_context","completed","attended","private","Brain Trust,Legacy close orbit","low","high","London local","Show as private dinner/tour; no Serena inbox knowledge.","Apple, Iris, Lila, Kaia, Rocco and friends can have seen Albury before public AD drop.","canon",""
"villa_serena_departure","Alex leaves Villa Serena for London","canon_private","summer_travel","2025-08-05","2025-08-05","","Europe/Rome","Porto Cervo to London","Italy/UK","Villa Serena to London","exact","past_context","completed","attended","private","Brain Trust,Boys,FAM,AW","low","medium","Routine three-hour annual flight back to London","Show as normal travel back, not dramatic re-entry.","Ends Alex's personal 8 Jul-5 Aug Villa Serena stay; villa remains open seasonally.","canon",""
"boys_albury_visit","Boys over at Albury","canon_private","friend_social","2025-08-06","2025-08-06","","Europe/London","London","UK","Albury House","exact","past_context","completed","attended","private","Boys","low","high","London local","Show as private house/backstory if diary includes 6 Aug.","Boys know private visit texture but not staff/security/AW/al.x mechanics.","canon",""
"ad_albury_drop","Architectural Digest Albury cover story and YouTube tour drops","canon_public","media_release","2025-08-07","2025-08-07","","Europe/London","Global","Global","Architectural Digest / YouTube","exact","locked_current","confirmed_public","not_attendance","public","Press,Public,Brain Trust,Boys,Legacy,London Lot","high","medium","No travel","Show as public release happening alongside meeting.","Sophie Ashby tours five floors - both basements, raised ground, two guest floors; the music floor and private top floor are not shown; not Alex's first adult voice/profile.","canon",""
"charles_st_meeting_open","First post-boundary Charles Street meeting","canon_scene","work_meeting","2025-08-07","2025-08-07","late morning","Europe/London","London","UK","12 Charles Street, Mayfair","exact","locked_current","confirmed","attended","private","Serena,AW,al.x","very_high","high","London local","Default live opening; render as current primary diary block.","First post-graduation/post-boundary team meeting while AD drops. Catherine/Latham already in early; Alex is a rare office visitor, not daily operator.","canon",""
"monterey_car_week_2025","Monterey Car Week 2025","real_public","auto_luxury","2025-08-08","2025-08-17","","America/Los_Angeles","Monterey","USA","Monterey / Pebble Beach / The Quail orbit","exact","commercial_inbox","possible_invite","not_default","public_industry","Auto,Serena,WME,Legacy","high","medium","Long-haul from London; immediately after opening","Use as automotive inbox pressure and public luxury weather.","Aston/Bentley/Rolls/Porsche/Ferrari/Ford/Lucid-type offers can reference this lane.","public","https://www.motor1.com/features/768242/monterey-car-week-2025-everything-to-know/"
"guards_gosh_polo_hold","Guards charity polo match for Great Ormond Street","canon_soft_hold","polo_sport","2025-08-09","2025-08-09","Saturday","Europe/London","Windsor","UK","Guards Polo Club","exact","soft_hold","soft_hold","not_locked","public_private_edge","Polo,London Lot,FAM,Serena","medium","medium","London/Windsor easy","Render as a hold/known possibility unless Ryan locks attendance.","Alex may play position 3 for White's; upcoming beat but not hard-coded outcome.","canon",""
"premier_league_2025_26_open","Premier League 2025/26 season opens","real_public","sport_football","2025-08-15","2025-08-17","","Europe/London","England","UK","Premier League grounds","exact","public_weather","public_weather","not_attendance","public","Boys,London Lot,Legacy,Sport","low","low","Local London/social TV weather unless a match invite appears","Use as background sport chatter and weekend social texture.","Public football weather only; do not force attendance.","official","https://www.premierleague.com/en/news/4171848"
"made_by_google_2025","Made by Google Pixel 10 event","real_public","tech_launch","2025-08-20","2025-08-20","13:00 ET","America/New_York","New York","USA","Brooklyn / Made by Google","exact","commercial_inbox","public_weather","not_default","public","Serena,WME,Tech","high","medium","Possible US trip but not default","Use as tech-launch weather and Google/YouTube/Pixel commercial context.","Can be in inbox as global tech attention play.","public","https://www.androidcentral.com/phones/google-pixel/google-officially-sets-a-date-for-its-pixel-10-launch-event"
"notting_hill_carnival_2025","Notting Hill Carnival 2025","real_public","street_culture","2025-08-24","2025-08-25","10:00","Europe/London","London","UK","Notting Hill","exact","social_weather","social_overlap","not_default","public","London Lot,Legacy,Brain Trust","low","high","Local but high-public-risk","Use as London weather; friends may mention plans; do not assume Alex goes into the crowd.","If used, security/pap/crowd logic matters.","official","https://www.london.gov.uk/notting-hill-carnival-2025"
"burning_man_2025","Burning Man 2025","real_public","global_festival","2025-08-24","2025-09-01","","America/Los_Angeles","Black Rock City","USA","Black Rock Desert","exact","public_weather","public_weather","not_default","public","Summer House,Artists,Tech,LA Lot","low","medium","Long-haul and deliberately impractical from London/Sardinia orbit","Use as a thing friends mention, not an Alex default.","Not an Alex-coded obligation; a wider fame-weather event.","official","https://history.burningman.org/timeline/2025"
"us_open_tennis_2025","US Open Tennis 2025","real_public","sport_tennis","2025-08-24","2025-09-07","","America/New_York","New York","USA","USTA Billie Jean King National Tennis Center","exact","public_weather","possible_invite","not_default","public","New York,Legacy,Sport,Fashion,WME","medium","medium","Transatlantic; clashes with Venice/Telluride and late summer travel","Use for New York celebrity/sport invitations and brand hospitality.","Possible invite, not canon attendance.","official","https://www.usopen.org/"
"apple_vanderbilt_classes","Apple Martin Vanderbilt classes begin","canon_friend","friend_constraint","2025-08-26","2025-08-26","","America/Chicago","Nashville","USA","Vanderbilt University","exact","friend_weather","friend_constraint","not_alex_event","private","Brain Trust","low","low","Apple geography changes after this date","Use to explain Apple availability/geography.","Apple would 100 percent have come back from Sardinia before classes.","canon",""
"venice_film_festival_2025","Venice International Film Festival 2025","real_public","film_festival","2025-08-27","2025-09-06","","Europe/Rome","Venice","Italy","Lido di Venezia","exact","likely_invite","possible_invite","not_default","public_industry","Legacy,Fashion,Film,Serena,WME","medium","high","Short Europe flight; easy from London/Italy","Use as global red-carpet/social/fashion pressure.","Strong fashion/film/social lane; not automatically a music move.","official","https://www.labiennale.org/en/cinema/2025/dates-and-deadlines"
"f1_dutch_gp_2025","Dutch Grand Prix 2025","real_public","sport_auto","2025-08-29","2025-08-31","","Europe/Amsterdam","Zandvoort","Netherlands","Circuit Zandvoort","exact","possible_invite","possible_invite","not_default","public_vip","Auto,Luxury,Sport,WME","medium","medium","Short Europe flight; late-summer weekend pressure","Use as F1/luxury hospitality option.","Possible paddock invite only.","official","https://www.formula1.com/en/racing/2025"
"telluride_film_festival_2025","Telluride Film Festival 2025","real_public","film_festival","2025-08-29","2025-09-01","","America/Denver","Telluride","USA","Telluride venues","exact","public_weather","public_weather","not_default","public_industry","Film,LA Lot,WME","low","medium","Long-haul; overlaps Venice and US Open","Use as film-world chatter around awards season starts.","Not an Alex default.","official","https://www.telluridefilmfestival.org/"
"tiff_2025","Toronto International Film Festival 2025","real_public","film_festival","2025-09-04","2025-09-14","","America/Toronto","Toronto","Canada","TIFF venues","exact","possible_invite","possible_invite","not_default","public_industry","Film,Legacy,Serena,WME","medium","medium","North America long-haul","Use as film-world weather and possible friend/media overlap.","50th edition; not Alex default unless Ryan chooses.","public","https://www.destinationtoronto.com/events/annual-festivals-and-events/toronto-international-film-festival/"
"f1_italian_gp_2025","Italian Grand Prix 2025","real_public","sport_auto","2025-09-05","2025-09-07","","Europe/Rome","Monza","Italy","Autodromo Nazionale Monza","exact","likely_invite","possible_invite","not_default","public_vip","Italy,Auto,Luxury,Serena,WME","high","medium","Easy from London or Milan; very Alex-adjacent brand weather","Use as Ferrari/Monza/luxury hospitality pressure.","Possible invite, not forced attendance.","official","https://www.formula1.com/en/racing/2025"
"mtv_vmas_2025","MTV Video Music Awards 2025","real_public","awards_show","2025-09-07","2025-09-07","20:00 ET","America/New_York","New York","USA","UBS Arena","exact","public_weather","possible_invite","not_default","public","Music,Legacy,Serena,WME","medium","medium","North America long-haul","Use as pop-culture weather; not a classical/music identity obligation.","Can be social/inbox noise if Alex's public attention is hot.","public","https://www.teenvogue.com/collection/mtv-vmas"
"apple_event_sep_2025","Apple September Event 2025","real_public","tech_launch","2025-09-09","2025-09-09","","America/Los_Angeles","Cupertino","USA","Apple Park","exact","commercial_inbox","possible_inbox","not_default","public","Serena,WME,Tech","very_high","high","Long-haul; tech-keynote pressure","Use as Apple brand pressure, distinct from Apple Music.","Huge cheque/visibility possible; sensitive public architecture.","public","https://www.macrumors.com/2025/08/26/apple-september-2025-event/"
"iaa_mobility_2025","IAA Mobility 2025","real_public","auto_luxury","2025-09-09","2025-09-14","","Europe/Berlin","Munich","Germany","Messe Munich and Munich city centre","exact","commercial_inbox","possible_inbox","not_attendance","public_industry","Auto,Tech,Luxury,WME,Serena","high","low","Short Europe flight; overlaps fashion/media season start","Use for BMW/Mercedes/Porsche/Audi mobility partnership weather.","Inbox pressure, not diary obligation.","official","https://www.iaa-mobility.com/en/press/press-releases/iaa-mobility-2025-its-all-about-mobility-claim"
"nyfw_sep_2025","New York Fashion Week September 2025","real_public","fashion_week","2025-09-11","2025-09-16","","America/New_York","New York","USA","NYFW venues","exact","likely_invite","likely_invite","not_default","public_industry","Fashion,Legacy,Serena,WME","high","high","North America long-haul; Apple is in Nashville by then","Use as global fashion pressure and friend/brand geography.","Could matter for Vogue/GQ/brand conversations; not automatic attendance.","official","https://cfda.com/news/cfda-releases-preliminary-official-new-york-fashion-week-schedule-for-september-2025/"
"goodwood_revival_2025","Goodwood Revival 2025","real_public","auto_luxury","2025-09-12","2025-09-14","","Europe/London","Chichester","UK","Goodwood Circuit","exact","possible_invite","possible_invite","not_default","public","Auto,London Lot,Legacy","medium","medium","London/Goodwood easy","Use as auto/heritage/luxury weather.","Possible Aston/Rolls/Range Rover/Bentley social context.","official","https://media.goodwood.com/one-week-to-go-goodwood-revival-2025/"
"london_design_festival_2025","London Design Festival 2025","real_public","art_design","2025-09-13","2025-09-21","","Europe/London","London","UK","London-wide","exact","public_weather","social_overlap","not_default","public","Design,Albury,Studio Ashby,London Lot","medium","medium","London local","Use as design/interiors weather after AD/Studio Ashby reveal.","Good for Sophie Ashby/Albury design orbit without forcing Alex attendance.","public","https://www.katycowan.co.uk/events/london-design-festival-25"
"emmys_2025","Primetime Emmy Awards 2025","real_public","awards_show","2025-09-14","2025-09-14","","America/Los_Angeles","Los Angeles","USA","Peacock Theater","exact","public_weather","public_weather","not_default","public","Film,TV,Legacy,Summer House","medium","medium","US west coast long-haul","Use as entertainment-industry weather only.","Not natural Alex event unless through friends/brand/media.","public","https://en.wikipedia.org/wiki/77th_Primetime_Emmy_Awards"
"lfw_sep_2025","London Fashion Week September 2025","real_public","fashion_week","2025-09-18","2025-09-22","","Europe/London","London","UK","LFW venues","exact","likely_invite","likely_invite","not_default","public_industry","Fashion,London Lot,Brain Trust,Serena,WME","high","medium","London local","Use as obvious London fashion pressure; do not make it first adult move by default.","Strong Vogue/GQ/brand context; he is known for fashion.","official","https://londonfashionweek.co.uk/about"
"f1_azerbaijan_gp_2025","Azerbaijan Grand Prix 2025","real_public","sport_auto","2025-09-19","2025-09-21","","Asia/Baku","Baku","Azerbaijan","Baku City Circuit","exact","possible_invite","possible_invite","not_default","public_vip","F1,Auto,Luxury,WME","medium","medium","Longer Europe-adjacent flight; overlaps London Fashion Week","Use as less-likely F1 hospitality competing with fashion weeks.","Do not force attendance.","official","https://www.formula1.com/en/racing/2025"
"oktoberfest_2025","Oktoberfest 2025","real_public","global_festival","2025-09-20","2025-10-05","","Europe/Berlin","Munich","Germany","Theresienwiese","exact","public_weather","public_weather","not_default","public","Summer House,Models,Legacy,Europe","low","medium","Short Europe flight but not an Alex obligation","Use as friend chatter, Europe travel conflict, or tabloidy weekend possibility.","Wider social weather only.","official","https://stadt.muenchen.de/dam/Home/Stadtverwaltung/Referat-fuer-Arbeit-und-Wirtschaft/presse/pm/press-releases-OF/04_Oktoberfest2025.pdf"
"mfw_sep_2025","Milan Fashion Week September 2025","real_public","fashion_week","2025-09-23","2025-09-29","","Europe/Rome","Milan","Italy","MFW venues","exact","likely_invite","likely_invite","not_default","public_industry","Fashion,Legacy,Donatella,Serena,WME","high","high","Short flight; Casa Borgonuovo makes it easy","Use as Versace/Italian fashion pressure.","Strong Italian/fashion lane but not automatic attendance.","public","https://milanostyle.com/events/milano-fashion-week-settembre-2025/"
"monaco_yacht_show_2025","Monaco Yacht Show 2025","real_public","luxury_yacht","2025-09-24","2025-09-27","","Europe/Monaco","Monaco","Monaco","Port Hercule","exact","likely_invite","possible_invite","not_default","public_vip","Yachts,Luxury,Finance,Legacy,Serena","high","high","Short flight to Nice; easy if already in Milan/Paris fashion orbit","Use as yacht/luxury/family-office pressure, not a party default.","Possible family-office and luxury hospitality invite.","official","https://www.visitmonaco.com/en/grand-rendez-vous/7487/monaco-yacht-show"
"nyff_2025","New York Film Festival 2025","real_public","film_festival","2025-09-26","2025-10-13","","America/New_York","New York","USA","Film at Lincoln Center","exact","public_weather","public_weather","not_default","public_industry","Film,New York,WME,Legacy","medium","medium","Transatlantic; overlaps Paris Fashion Week and Frieze build-up","Use as New York film/intellectual celebrity weather.","Not default attendance.","official","https://www.bam.org/film/2025/nyff"
"pfw_sep_oct_2025","Paris Fashion Week September/October 2025","real_public","fashion_week","2025-09-29","2025-10-07","","Europe/Paris","Paris","France","PFW venues","exact","likely_invite","likely_invite","not_default","public_industry","Fashion,Legacy,Serena,WME","high","high","Short flight/train; Appartement Varenne makes it easy","Use as global luxury/fashion pressure.","Strong Paris apartment logistics; not automatic attendance.","official","https://www.fhcm.paris/en/node/6309"
"f1_singapore_gp_2025","Singapore Grand Prix 2025","real_public","sport_auto","2025-10-03","2025-10-05","","Asia/Singapore","Singapore","Singapore","Marina Bay Street Circuit","exact","possible_invite","possible_invite","not_default","public_vip","F1,Asia,Luxury,Tech,WME","high","high","Long-haul; Asia-facing brand and night-race glamour","Use as major global paddock/brand hospitality pressure.","Possible invite only.","official","https://www.formula1.com/en/racing/2025"
"bfi_london_film_festival_2025","BFI London Film Festival 2025","real_public","film_festival","2025-10-08","2025-10-19","","Europe/London","London","UK","BFI Southbank and London venues","exact","possible_invite","possible_invite","not_default","public_industry","London,Film,Actors,Legacy,WME","medium","medium","London local; low travel friction","Use for premieres, friends' films, and London red-carpet pressure.","Possible invite, not default attendance.","official","https://www.bfi.org.uk/london-film-festival/news/full-programme-69th-bfi-london-film-festival"
"dreamforce_2025","Dreamforce 2025","real_public","tech_conference","2025-10-14","2025-10-16","","America/Los_Angeles","San Francisco","USA","Moscone Center and Salesforce+","exact","commercial_inbox","possible_inbox","not_attendance","public_industry","Tech,AI,Brand,WME,AW Holdings","high","low","Transatlantic; can matter without Alex travelling","Use as tech brand partnership and AI/business inbox weather.","Inbox pressure, not attendance.","official","https://www.salesforce.com/dreamforce"
"frieze_london_2025","Frieze London and Frieze Masters 2025","real_public","art_design","2025-10-15","2025-10-19","","Europe/London","London","UK","Regent's Park","exact","likely_invite","social_overlap","not_default","public_industry","Art,London Lot,Legacy,Fashion","medium","medium","London local","Use as art/fashion/social weather and party pressure.","Good for London Lot/collecting/art-room chatter.","official","https://www.frieze.com/fairs/frieze-london/visitor-information"
"f1_us_gp_2025","United States Grand Prix 2025","real_public","sport_auto","2025-10-17","2025-10-19","","America/Chicago","Austin","USA","Circuit of the Americas","exact","possible_invite","possible_invite","not_default","public_vip","F1,US,Tech,Music,WME","high","medium","Transatlantic; overlaps US media and tech circuits","Use as F1 plus Austin/social/media weather.","Possible invite only.","official","https://www.formula1.com/en/racing/2025"
"art_basel_paris_2025_vip","Art Basel Paris 2025 VIP Preview","real_public","art_design","2025-10-22","2025-10-23","","Europe/Paris","Paris","France","Grand Palais","exact","possible_invite","possible_invite","not_default","public_industry","Art,Fashion,Legacy","medium","medium","Paris apartment easy","Use as Paris art/fashion collector weather.","VIP preview before public fair.","official","https://www.artbasel.com/stories/art-basel-unveils-leading-galleries-and-first-details-for-its-2025-paris-show?lang=en"
"art_basel_paris_2025","Art Basel Paris 2025","real_public","art_design","2025-10-24","2025-10-26","","Europe/Paris","Paris","France","Grand Palais","exact","public_weather","social_overlap","not_default","public_industry","Art,Fashion,Legacy","medium","medium","Paris apartment easy","Use as Paris public art-world weather.","Could connect to Appartement Varenne and fashion/art circles.","official","https://www.grandpalais.fr/en/node/2119"
"f1_mexico_city_gp_2025","Mexico City Grand Prix 2025","real_public","sport_auto","2025-10-24","2025-10-26","","America/Mexico_City","Mexico City","Mexico","Autodromo Hermanos Rodriguez","exact","possible_invite","possible_invite","not_default","public_vip","F1,Latin America,Luxury,WME","medium","medium","Long-haul; mostly useful as global F1 calendar weather","Use as paddock/travel conflict if Alex is already in the Americas.","Not default attendance.","official","https://www.formula1.com/en/racing/2025"
"albury_winter_operations_review_2025","Albury winter operations and staffing review","canon_private","private_admin","2025-11-03","2025-11-03","","Europe/London","London","UK","Albury House / Charles Street","exact","private_admin","possible_admin","not_locked","private","Judith,House Staff,Serena Management,Security","low","low","London local","Use as house operations pressure after the public AD reveal settles.","Private admin placeholder; schedule can move in live state.","canon",""
"cfda_awards_2025","CFDA Fashion Awards 2025","real_public","fashion_awards","2025-11-03","2025-11-03","","America/New_York","New York","USA","American Museum of Natural History","exact","possible_invite","possible_invite","not_default","public_industry","Fashion,Legacy,Serena,WME","high","medium","North America long-haul","Use as US fashion awards pressure.","Possible if US fashion route active; not default.","official","https://cfda.com/events/cfda-fashion-awards/2025/"
"f1_sao_paulo_gp_2025","Sao Paulo Grand Prix 2025","real_public","sport_auto","2025-11-07","2025-11-09","","America/Sao_Paulo","Sao Paulo","Brazil","Interlagos","exact","possible_invite","possible_invite","not_default","public_vip","F1,Latin America,Luxury,WME","medium","medium","Long-haul; unlikely unless already in Americas","Use as global F1 weather and brand hospitality option.","Not default attendance.","official","https://www.formula1.com/en/racing/2025"
"web_summit_lisbon_2025","Web Summit Lisbon 2025","real_public","tech_conference","2025-11-10","2025-11-13","","Europe/Lisbon","Lisbon","Portugal","MEO Arena / FIL","exact","commercial_inbox","possible_inbox","not_attendance","public_industry","Tech,Startups,AI,WME,AW Holdings","high","low","Short Europe flight; can create investor/brand invitations","Use as tech-startup inbox pressure, not culture-room pressure.","Commercial weather only unless Ryan chooses attendance.","public","https://www.visitlisboa.com/en/events/web-summit-lisboa_"
"dubai_airshow_2025","Dubai Airshow 2025","real_public","business_forum","2025-11-17","2025-11-21","","Asia/Dubai","Dubai","UAE","Dubai World Central","exact","commercial_inbox","possible_inbox","not_attendance","public_industry","Aviation,Luxury,Finance,Family Office","medium","low","Long-haul; relevant to family-office aviation and Gulf invitations","Use as private aviation/luxury/business weather.","Inbox/business context, not default attendance.","official","https://www.dubaiairshow.aero/"
"slush_2025","Slush 2025","real_public","tech_conference","2025-11-19","2025-11-20","","Europe/Helsinki","Helsinki","Finland","Helsinki Expo and Convention Centre","exact","commercial_inbox","possible_inbox","not_attendance","public_industry","Tech,Startups,VC,AW Holdings","medium","low","Short-ish Europe flight; mostly VC/startup signal","Use as investor/AI/startup context for the office inbox.","Commercial weather only.","official","https://slush.org/speakers"
"f1_las_vegas_gp_2025","Las Vegas Grand Prix 2025","real_public","sport_auto","2025-11-20","2025-11-22","","America/Los_Angeles","Las Vegas","USA","Las Vegas Strip Circuit","exact","likely_invite","possible_invite","not_default","public_vip","F1,US,Luxury,Celebrity,WME","high","high","Transatlantic; high-noise celebrity and sponsor weekend","Use as a major WME/brand hospitality pressure point.","Possible invite, not canon attendance.","official","https://www.formula1.com/en/racing/2025"
"f1_qatar_gp_2025","Qatar Grand Prix 2025","real_public","sport_auto","2025-11-28","2025-11-30","","Asia/Qatar","Lusail","Qatar","Lusail International Circuit","exact","possible_invite","possible_invite","not_default","public_vip","F1,Gulf,Luxury,Finance","medium","medium","Long-haul Gulf swing; overlaps year-end business pressure","Use as Gulf hospitality/business weather.","Not default attendance.","official","https://www.formula1.com/en/racing/2025"
"fashion_awards_london_2025","The Fashion Awards 2025","real_public","fashion_awards","2025-12-01","2025-12-01","","Europe/London","London","UK","Royal Albert Hall","exact","likely_invite","likely_invite","not_default","public_industry","Fashion,London Lot,Serena,WME","high","medium","London local","Use as major London fashion/public-room pressure.","Strong likely invite if his adult fashion/public profile is active.","official","https://www.britishfashioncouncil.co.uk/bfcnews/4695/COLMAN-DOMINGO-TO-HOST--THE-FASHION-AWARDS-2025-PRESENTED-BY-PANDORA"
"aws_reinvent_2025","AWS re:Invent 2025","real_public","tech_conference","2025-12-01","2025-12-05","","America/Los_Angeles","Las Vegas","USA","AWS campus venues","exact","commercial_inbox","possible_inbox","not_attendance","public_industry","Tech,AI,Cloud,AW Holdings","high","low","Can matter through inbox without travel","Use as tech-platform and AI commercial weather.","Commercial context only.","official","https://www.aboutamazon.com/news/aws/what-is-aws-reinvent"
"miami_art_week_2025","Miami Art Week 2025","real_public","art_design","2025-12-01","2025-12-07","","America/New_York","Miami","USA","Miami and Miami Beach","exact","likely_invite","possible_invite","not_default","public_vip","Art,Collectors,Legacy,Fashion,LA Lot","high","high","Transatlantic; high-party/high-collector density","Use as art, collectors, parties, and brand dinners, not just art fair listings.","Possible invite only.","public","https://awo.miami-police.org/news/Miami%20Art%20Week%20News%20Release.pdf"
"design_miami_2025","Design Miami 2025","real_public","art_design","2025-12-03","2025-12-07","","America/New_York","Miami Beach","USA","Convention-adjacent design fair venues","exact","likely_invite","possible_invite","not_default","public_industry","Design,Collectors,Studio Ashby,Albury","medium","medium","Pairs with Miami Art Week / Art Basel","Use as design-world aftershock from Albury/AD.","Possible design-world invite only.","public","https://r-and-company.com/exhibition/design-miami-2025/"
"art_basel_miami_beach_2025","Art Basel Miami Beach 2025","real_public","art_design","2025-12-05","2025-12-07","","America/New_York","Miami Beach","USA","Miami Beach Convention Center","exact","likely_invite","possible_invite","not_default","public_vip","Art,Collectors,Fashion,Legacy","high","high","Transatlantic; high social heat and paparazzi risk","Use as Miami collector/social pressure and brand dinner clustering.","Possible invite only.","official","https://www.artbasel.com/stories/art-basel-2025-essential-guide-information-miami-beach"
"f1_abu_dhabi_gp_2025","Abu Dhabi Grand Prix 2025","real_public","sport_auto","2025-12-05","2025-12-07","","Asia/Dubai","Abu Dhabi","UAE","Yas Marina Circuit","exact","likely_invite","possible_invite","not_default","public_vip","F1,Gulf,Luxury,Finance,WME","high","high","Long-haul season finale; very high sponsor density","Use as F1 season-finale hospitality and Gulf luxury pressure.","Possible invite only.","official","https://www.formula1.com/en/racing/2025"
"serena_aw_year_end_review_2025","Serena/AW year-end commercial review","canon_private","private_business","2025-12-12","2025-12-12","","Europe/London","London","UK","12 Charles Street","exact","private_admin","possible_admin","not_locked","private","Serena Management,AW Holdings,Latham,WME","high","low","London office anchor unless live story moves it","Use for year-end deal triage, valuation, and 2026 positioning.","Private placeholder; move as needed in live state.","canon",""
"ces_2026","CES 2026","real_public","tech_launch","2026-01-06","2026-01-09","","America/Los_Angeles","Las Vegas","USA","Las Vegas Convention Center and city venues","exact","commercial_inbox","public_weather","not_default","public_industry","Tech,Serena,WME","high","medium","Long-haul from London; early January tech calendar","Use as consumer-tech and global brand weather, not Alex attendance default.","Can contextualise Apple/Samsung/Google/Sony/Microsoft pressure.","official","https://www.ces.tech/press-releases/innovators-show-up-ces-2026-opens-today"
"golden_globes_2026","83rd Golden Globes","real_public","media_awards","2026-01-11","2026-01-11","","America/Los_Angeles","Beverly Hills","USA","The Beverly Hilton","exact","public_weather","possible_invite","not_default","public_vip","Film,TV,LA Lot,WME","medium","high","Transatlantic; early awards-season noise","Use as LA awards-season weather and social-media chatter.","Not default attendance.","public","https://goldenglobes.com/"
"pitti_uomo_109_2026","Pitti Uomo 109","real_public","fashion_week","2026-01-13","2026-01-16","","Europe/Rome","Florence","Italy","Fortezza da Basso","exact","public_weather","possible_invite","not_default","public_industry","Fashion,Menswear,Legacy","medium","medium","Short Europe flight; possible Italian fashion lead-in","Use as menswear trade/fashion weather before Milan/Paris.","Fashion-room context; not a default Alex event.","official","https://media.pittimmagine.com/image/upload/v1768233009/EPITTI/UOMO/2026_109/PRESS/ENG/1%20Apertura/ENG_press_release_PITTI_UOMO_109_Highlights_Novit%C3%A0.pdf"
"mfw_mens_jan_2026","Milan Fashion Week Men's January 2026","real_public","fashion_week","2026-01-16","2026-01-20","","Europe/Rome","Milan","Italy","Milano Moda Uomo venues","exact","likely_invite","possible_invite","not_default","public_industry","Fashion,Menswear,Donatella,Serena,WME","high","medium","Short flight; Casa Borgonuovo makes Milan operationally easy","Use as menswear/luxury pressure and Italian fashion weather.","Possible front-row/brand pressure; do not assume attendance.","official","https://www.cameramoda.it/en/milano-moda-uomo/calendar/"
"davos_wef_2026","World Economic Forum Annual Meeting 2026","real_public","business_forum","2026-01-19","2026-01-23","","Europe/Zurich","Davos-Klosters","Switzerland","Davos Congress Centre","exact","commercial_inbox","possible_inbox","not_attendance","public_industry","Finance,Philanthropy,Tech,Family Office,AW Holdings","high","medium","Short Europe flight; more likely to affect family-office inbox than Alex diary","Use as elite business/finance/philanthropy weather.","Business context, not default attendance.","official","https://www.weforum.org/press/2026/01/a-spirit-of-dialogue-brings-record-numbers-of-world-leaders-to-davos-for-world-economic-forum-annual-meeting-2026//"
"pfw_mens_jan_2026","Paris Fashion Week Menswear January 2026","real_public","fashion_week","2026-01-20","2026-01-25","","Europe/Paris","Paris","France","PFW menswear venues","exact","likely_invite","possible_invite","not_default","public_industry","Fashion,Menswear,Legacy,Serena,WME","high","medium","Short flight/train; Appartement Varenne makes Paris operationally easy","Use as Dior/LV/Saint Laurent/menswear pressure.","Possible menswear lane; not automatic attendance.","official","https://laforma.club/paris-fashion-week-2026-official-calendar-dates/"
"sundance_2026","Sundance Film Festival 2026","real_public","film_festival","2026-01-22","2026-02-01","","America/Denver","Park City / Salt Lake City","USA","Sundance venues","exact","public_weather","possible_invite","not_default","public_industry","Film,Legacy,Serena,WME","medium","medium","Long-haul winter film-festival travel","Use as film-world weather and friend/media overlap.","Last Park City-era Sundance before Boulder move; not Alex default.","official","https://www.sundance.org/wp-content/uploads/2025/08/SFF26-PP-Purchasing-Guidelines.pdf"
"paris_couture_jan_2026","Paris Haute Couture Week January 2026","real_public","fashion_week","2026-01-26","2026-01-29","","Europe/Paris","Paris","France","Haute Couture venues","exact","likely_invite","possible_invite","not_default","public_industry","Fashion,Couture,Legacy,Serena,WME","high","medium","Short flight/train; Appartement Varenne makes Paris easy","Use as couture/fashion pressure and Paris social weather.","Good for Vogue/brand imagery; not automatic attendance.","official","https://www.fhcm.paris/sites/default/files/edition/pdf/provisional-calendar-haute-couture-week-spring-summer-26_0.pdf"
"ram_midwinter_alumni_pressure_2026","RAM midwinter alumni and donor pressure window","canon_private","private_admin","2026-01-26","2026-01-30","","Europe/London","London","UK","Royal Academy / Serena inbox","exact","private_admin","possible_admin","not_locked","private","RAM,Serena Management,Music Patrons","medium","low","London local; can arrive as invitations rather than appointments","Use for donor dinners, academy asks, and recital-release nudges.","Private pressure window, not a fixed scene.","canon",""
"grammys_2026","68th Annual Grammy Awards","real_public","awards_show","2026-02-01","2026-02-01","","America/Los_Angeles","Los Angeles","USA","Crypto.com Arena / Los Angeles music-awards orbit","exact","public_weather","possible_invite","not_default","public","Music,Legacy,Serena,WME","high","medium","Long-haul LA awards travel","Use as music-awards weather; do not make Alex a classical nominee/attendee by default.","Can create inbox/social noise if Electric Ivory or music posture has moved by then.","official","https://www.grammy.com/news/2026-grammys-new-categories-announced"
"six_nations_2026","Six Nations Championship 2026","real_public","sport_rugby","2026-02-05","2026-03-14","","Europe/London","Europe","Multiple","Twickenham, Principality Stadium, Murrayfield, Aviva, Stade de France, Stadio Olimpico","exact","public_weather","public_weather","not_default","public","London Lot,Almanach,Sport,Legacy","low","medium","London/Cardiff/Edinburgh/Paris/Rome weekend sport weather","Use as winter/spring UK-Europe sport chatter and hospitality.","Public sport weather only.","public","https://www.sixnationsrugby.com/en/m6n/fixtures/2026"
"super_bowl_lx_2026","Super Bowl LX","real_public","sport_media","2026-02-08","2026-02-08","18:30 ET","America/Los_Angeles","Santa Clara","USA","Levi's Stadium","exact","public_weather","public_weather","not_default","public","Sports,Tech,Music,Legacy,Serena,WME","high","medium","US west coast long-haul","Use as massive US media/brand weather, especially Apple Music halftime context.","Not Alex default; useful for commercial/brand scale.","official","https://www.nfl.com/super-bowl/event-info"
"nyfw_feb_2026","New York Fashion Week February 2026","real_public","fashion_week","2026-02-11","2026-02-16","","America/New_York","New York","USA","NYFW venues","exact","likely_invite","likely_invite","not_default","public_industry","Fashion,Legacy,Serena,WME","high","medium","North America long-haul","Use as US fashion pressure and Vogue/GQ/brand geography.","Do not assume attendance; possible if US fashion route active.","official","https://cfda.com/news/view-the-preliminary-official-nyfw-february-2026-schedule/"
"berlinale_2026","Berlin International Film Festival 2026","real_public","film_festival","2026-02-12","2026-02-22","","Europe/Berlin","Berlin","Germany","Berlinale venues","exact","public_weather","possible_invite","not_default","public_industry","Film,Europe,WME,Actors","medium","medium","Short Europe flight; overlaps fashion and awards","Use as European film-world pressure.","Possible invite only.","official","https://www.berlinale.de/en/home.html"
"nba_all_star_2026","NBA All-Star 2026","real_public","sport_media","2026-02-13","2026-02-15","","America/Los_Angeles","Los Angeles","USA","Los Angeles / NBA All-Star venues","exact","public_weather","public_weather","not_default","public_vip","LA Lot,Sport,Music,Brands,WME","high","high","Transatlantic; celebrity-heavy US sport weekend","Use as LA brand/social-media weather.","Not default attendance.","official","https://www.nba.com/news/nba-all-star-faq-2026"
"rio_carnival_2026","Rio Carnival 2026","real_public","global_festival","2026-02-13","2026-02-21","","America/Sao_Paulo","Rio de Janeiro","Brazil","Rio / Sambadrome","exact","public_weather","public_weather","not_default","public","Summer House,Models,Legacy,Global Party","low","high","Long-haul; more friend-world weather than Alex plan","Use as global party/travel/social media weather.","Not default attendance.","public","https://www.rio.com/rio-carnival/rio-carnival-2026"
"daytona_500_2026","Daytona 500 2026","real_public","sport_auto","2026-02-15","2026-02-15","","America/New_York","Daytona Beach","USA","Daytona International Speedway","exact","public_weather","public_weather","not_default","public_vip","Auto,US Sport,WME","medium","medium","Long-haul; mainly US sport/auto weather","Use if auto brands pitch US-facing sport crossover.","Not default attendance.","official","https://www.daytonainternationalspeedway.com/events/daytona-500/"
"mardi_gras_2026","Mardi Gras 2026","real_public","global_festival","2026-02-17","2026-02-17","","America/Chicago","New Orleans","USA","New Orleans","exact","public_weather","public_weather","not_default","public","US Friends,Music,Party,Legacy","low","medium","Long-haul; unlikely unless already in US","Use as US social weather and party-calendar texture.","Not default attendance.","public","https://www.rexorganization.com/static/Press/2026/Rex%20Proclaims%20Mardi%20Gras%202026%20and%20Unveils%202026%20Rex%20Proclamation.pdf"
"lfw_feb_2026","London Fashion Week February 2026","real_public","fashion_week","2026-02-19","2026-02-23","","Europe/London","London","UK","LFW venues","exact","likely_invite","likely_invite","not_default","public_industry","Fashion,London Lot,Brain Trust,Serena,WME","high","medium","London local","Use as obvious London fashion pressure and friend-room weather.","Strong likely invite if he remains fashion-visible; not automatic first move.","official","https://www.britishfashioncouncil.co.uk/bfcnews/4697/THE-BRITISH-FASHION-COUNCIL-ANNOUNCES-PROVISIONAL-SCHEDULE-FOR-LONDON-FASHION-WEEK-FEBRUARY-2026-"
"bafta_film_2026","EE BAFTA Film Awards 2026","real_public","awards_show","2026-02-22","2026-02-22","","Europe/London","London","UK","Royal Festival Hall / Southbank Centre","exact","possible_invite","possible_invite","not_default","public","Film,London Lot,Legacy,Serena,WME","medium","medium","London local","Use as UK film-awards weather, not default attendance.","Possible friend/film/fashion overlap; not an Alex-focused event.","official","https://www.bafta.org/media-centre/press-releases/alan-cumming-to-host-the-2026-ee-bafta-film-awards/"
"mfw_womens_feb_2026","Milan Fashion Week February/March 2026","real_public","fashion_week","2026-02-24","2026-03-02","","Europe/Rome","Milan","Italy","MFW venues","exact","likely_invite","likely_invite","not_default","public_industry","Fashion,Legacy,Donatella,Serena,WME","high","high","Short flight; Casa Borgonuovo makes Milan easy","Use as Italian luxury/fashion pressure.","Strong Versace/Prada/Gucci/Milan lane; not automatic attendance.","official","https://media.cameramoda.it/calendar"
"samsung_unpacked_feb_2026","Samsung Galaxy Unpacked February 2026","real_public","tech_launch","2026-02-25","2026-02-25","","","Global","Global","Galaxy Unpacked","exact","commercial_inbox","possible_inbox","not_default","public","Tech,Serena,WME","very_high","medium","Global launch; travel depends on activation city","Use as Samsung brand-pressure context.","Large global tech lane; less taste-coded but very real money.","public","https://en.wikipedia.org/wiki/Samsung_Galaxy_S26"
"brit_awards_2026","BRIT Awards 2026","real_public","awards_show","2026-02-28","2026-02-28","","Europe/London","Manchester","UK","Co-op Live","exact","possible_invite","possible_invite","not_default","public","Music,London Lot,Legacy,Serena,WME","high","medium","London-Manchester easy; public awards risk","Use as UK pop/music-awards weather, not a classical lane.","First BRITs outside London; could matter if Alex's music profile is active.","public","https://en.wikipedia.org/wiki/Brit_Awards_2026"
"sag_awards_2026","32nd SAG Awards","real_public","media_awards","2026-03-01","2026-03-01","","America/Los_Angeles","Los Angeles","USA","Shrine Auditorium and Expo Hall","exact","public_weather","possible_invite","not_default","public_vip","Actors,LA Lot,WME","medium","high","Transatlantic; LA awards-season weekend","Use as LA social and red-carpet pressure.","Not default attendance.","official","https://www.sagawards.org/media/news/releases/screen-actors-guild-awards-sets-date-2026"
"mwc_barcelona_2026","MWC Barcelona 2026","real_public","tech_conference","2026-03-02","2026-03-05","","Europe/Madrid","Barcelona","Spain","Fira de Barcelona Gran Via","exact","commercial_inbox","possible_inbox","not_attendance","public_industry","Tech,Phones,AI,Apple Brand,Samsung,WME","high","low","Short Europe flight; mostly tech inbox and brand weather","Use for Samsung/Google/mobile/AI partnership pressure.","Commercial context only.","public","https://mwc.telekom.com/2026"
"pfw_mar_2026","Paris Fashion Week March 2026","real_public","fashion_week","2026-03-02","2026-03-10","","Europe/Paris","Paris","France","PFW womenswear venues","exact","likely_invite","likely_invite","not_default","public_industry","Fashion,Legacy,Serena,WME","high","high","Short flight/train; Appartement Varenne makes Paris easy","Use as global luxury/fashion pressure.","Strong Paris apartment logistics; not automatic attendance.","official","https://www.fhcm.paris/sites/default/files/edition/pdf/paris-fashion-week-r-official-calendar-womenswear-fw26-27_1.pdf"
"f1_australian_gp_2026","Australian Grand Prix 2026","real_public","sport_auto","2026-03-06","2026-03-08","","Australia/Melbourne","Melbourne","Australia","Albert Park Circuit","exact","public_weather","public_weather","not_default","public_vip","F1,Auto,Australia,WME","medium","medium","Very long-haul; useful as season-opening F1 weather","Use as F1 season-start context.","Not default attendance.","official","https://www.formula1.com/en/racing/2026"
"the_players_championship_2026","The Players Championship 2026","real_public","sport_golf","2026-03-12","2026-03-15","","America/New_York","Ponte Vedra Beach","USA","TPC Sawgrass","exact","public_weather","possible_invite","not_default","public_vip","US Sport,Brands,Legacy","medium","medium","Long-haul; prestige golf hospitality","Use as spring US sport hospitality weather.","Possible invite only.","official","https://www.pgatour.com/tournaments/2026/the-players-championship/R2026011"
"sxsw_2026","SXSW 2026","real_public","tech_media_festival","2026-03-12","2026-03-18","","America/Chicago","Austin","USA","Downtown Austin venues","exact","commercial_inbox","possible_inbox","not_default","public_industry","Tech,Film,Music,Podcasts,WME,Brands","high","medium","Transatlantic; high crossover but easy to decline","Use as tech/media/podcast/brand pitch weather.","Commercial and media context; not default attendance.","official","https://sxsw.com/schedule-overview/"
"f1_chinese_gp_2026","Chinese Grand Prix 2026","real_public","sport_auto","2026-03-13","2026-03-15","","Asia/Shanghai","Shanghai","China","Shanghai International Circuit","exact","possible_invite","possible_invite","not_default","public_vip","F1,Asia,Auto,Luxury,Tech","medium","medium","Long-haul; Asia-facing brand weather","Use as Asia/F1 calendar pressure.","Possible invite only.","official","https://www.formula1.com/en/racing/2026"
"oscars_2026","98th Academy Awards","real_public","awards_show","2026-03-15","2026-03-15","","America/Los_Angeles","Los Angeles","USA","Dolby Theatre","exact","public_weather","possible_invite","not_default","public","Film,Legacy,Serena,WME","high","medium","Long-haul LA awards travel","Use as global film-awards weather and afterparty/social context.","Not natural Alex attendance unless film/fashion/brand route is active.","official","https://www.oscars.org/oscars/ceremonies/2026"
"efl_cup_final_2026","EFL Cup Final 2026","real_public","sport_football","2026-03-22","2026-03-22","","Europe/London","London","UK","Wembley Stadium","exact","public_weather","possible_invite","not_default","public","Boys,London Lot,Sport,Legacy","low","medium","London local","Use as domestic sport/social weekend weather.","Not default attendance.","public","https://www.efl.com/"
"mlb_opening_day_2026","MLB Opening Day 2026","real_public","sport_baseball","2026-03-26","2026-03-26","","America/New_York","United States","USA","MLB ballparks","exact","public_weather","public_weather","not_attendance","public","US Friends,Sport,Brands","low","low","US media/weather, unlikely travel driver","Use as American sports calendar texture and brand noise.","Public weather only.","official","https://www.mlb.com/press-release/press-release-mlb-announces-2026-regular-season-schedule"
"f1_japanese_gp_2026","Japanese Grand Prix 2026","real_public","sport_auto","2026-03-27","2026-03-29","","Asia/Tokyo","Suzuka","Japan","Suzuka Circuit","exact","possible_invite","possible_invite","not_default","public_vip","F1,Japan,Auto,Luxury,Tech","medium","medium","Long-haul; Japan language/social bridge possible","Use as Japan-facing brand/F1 pressure.","Possible invite only.","official","https://www.formula1.com/en/racing/2026"
"ultra_miami_2026","Ultra Music Festival Miami 2026","real_public","music_festival","2026-03-27","2026-03-29","","America/New_York","Miami","USA","Bayfront Park","exact","public_weather","public_weather","not_default","public","Summer House,Music,Miami,Models","medium","high","Transatlantic; spring party/festival weather","Use as high-noise friend/social-media context.","Not default attendance.","official","https://ultramusicfestival.com/home-2/"
"new_york_auto_show_2026","New York International Auto Show 2026","real_public","auto_luxury","2026-04-03","2026-04-12","","America/New_York","New York","USA","Javits Center","exact","commercial_inbox","possible_inbox","not_attendance","public_industry","Auto,EV,Tech,WME,Brands","high","low","Can matter through Ford/Bentley/Range Rover style pitches","Use as auto brand inbox weather.","Commercial context only.","official","https://www.autoshowny.com/faq/"
"ncaa_final_four_2026","NCAA Men's Final Four 2026","real_public","sport_basketball","2026-04-04","2026-04-06","","America/New_York","Indianapolis","USA","Lucas Oil Stadium","exact","public_weather","public_weather","not_default","public","US Sport,College,Brands","medium","medium","Long-haul; US sports/media weather","Use as March Madness spillover in US feeds and brand chatter.","Not default attendance.","official","https://www.ncaa.org/sports/2013/11/6/division-i-men-s-basketball.aspx"
"masters_2026","The Masters Tournament 2026","real_public","sport_golf","2026-04-09","2026-04-12","","America/New_York","Augusta","USA","Augusta National Golf Club","exact","public_weather","possible_invite","not_default","public_vip","Sport,US Society,Legacy,Brands","medium","medium","Long-haul; prestige sport hospitality","Use as US society/sport hospitality weather.","Not default attendance.","public","https://golf.com/news/2026-masters-dates-first-major-augusta-national/"
"f1_bahrain_gp_2026","Bahrain Grand Prix 2026","real_public","sport_auto","2026-04-10","2026-04-12","","Asia/Bahrain","Sakhir","Bahrain","Bahrain International Circuit","exact","possible_invite","possible_invite","not_default","public_vip","F1,Gulf,Luxury,Finance","medium","medium","Long-haul Gulf invite; likely not default","Use as Gulf/F1 hospitality weather.","Possible invite only.","official","https://www.formula1.com/en/racing/2026"
"coachella_2026","Coachella 2026","real_public","music_festival","2026-04-10","2026-04-19","","America/Los_Angeles","Indio","USA","Empire Polo Club","exact","public_weather","social_overlap","not_default","public","Summer House,Legacy,Music,Brands","medium","medium","Long-haul LA/California travel","Use as global young-famous/music/fashion weather.","Friends may go or post; do not assume Alex attends.","public","https://pitchfork.com/news/coachella-2026-dates-announced/"
"watches_wonders_2026","Watches and Wonders Geneva 2026","real_public","luxury_watches","2026-04-14","2026-04-20","","Europe/Zurich","Geneva","Switzerland","Palexpo","exact","commercial_inbox","possible_inbox","not_default","public_industry","Rolex,Cartier,Luxury,Fashion,WME","high","medium","Short Europe flight; very relevant to Alex's image/objects","Use as watch/jewellery/luxury partnership weather.","Possible invite; not canon attendance.","official","https://www.watchesandwonders.com/en/"
"f1_saudi_arabian_gp_2026","Saudi Arabian Grand Prix 2026","real_public","sport_auto","2026-04-17","2026-04-19","","Asia/Riyadh","Jeddah","Saudi Arabia","Jeddah Corniche Circuit","exact","possible_invite","possible_invite","not_default","public_vip","F1,Gulf,Luxury,Finance","medium","medium","Long-haul Gulf invite; pairs with Bahrain if travelling","Use as Gulf/F1 calendar pressure.","Possible invite only.","official","https://www.formula1.com/en/racing/2026"
"milan_design_week_2026","Milan Design Week 2026","real_public","art_design","2026-04-20","2026-04-26","","Europe/Rome","Milan","Italy","Milan-wide / Fuorisalone","exact","likely_invite","social_overlap","not_default","public_industry","Design,Fashion,Albury,Studio Ashby,Legacy","medium","medium","Short flight; Casa Borgonuovo makes Milan easy","Use as design/interiors/weather after Albury/Studio Ashby public profile.","Good for Sophie Ashby/design-world and fashion/design overlap.","public","https://milandesignweek.org/faq/"
"salone_mobile_2026","Salone del Mobile.Milano 2026","real_public","art_design","2026-04-21","2026-04-26","","Europe/Rome","Milan","Italy","Fiera Milano Rho","exact","public_weather","social_overlap","not_default","public_industry","Design,Fashion,Albury,Studio Ashby","medium","medium","Short flight; Casa Borgonuovo makes Milan easy","Use as design-industry core event within Milan Design Week.","Useful for interiors/product/object-world diary weather.","official","https://www.salonemilano.it/en/exhibitions"
"whca_dinner_2026","White House Correspondents' Dinner 2026","real_public","media_politics","2026-04-25","2026-04-25","","America/New_York","Washington, DC","USA","Washington Hilton","exact","public_weather","public_weather","not_default","public_vip","Media,Politics,US Press,WME","medium","high","Transatlantic; politically noisy and not Alex-coded","Use as US media/social weather and a likely no unless live story says otherwise.","Not default attendance; political rooms should not swallow Alex.","official","https://whca.press/news/annual-dinner/"
"f1_miami_gp_2026","Miami Grand Prix 2026","real_public","sport_auto","2026-05-01","2026-05-03","","America/New_York","Miami","USA","Miami International Autodrome","exact","likely_invite","possible_invite","not_default","public_vip","F1,Miami,Brands,Models,WME,Legacy","high","high","Transatlantic; celebrity-heavy sponsor weekend","Use as one of the biggest US F1/brand pressure points.","Possible invite only.","official","https://www.formula1.com/en/racing/2026"
"kentucky_derby_2026","Kentucky Derby 2026","real_public","sport_society","2026-05-02","2026-05-02","","America/New_York","Louisville","USA","Churchill Downs","exact","possible_invite","possible_invite","not_default","public_vip","Phoenix Hollow,US Society,Sport,Legacy","medium","medium","Easy if already in Kentucky/Phoenix Hollow orbit; otherwise long-haul","Use as Phoenix Hollow-adjacent society/sport weather.","Possible invite only.","official","https://www.kentuckyderby.com/"
"met_gala_2026","Met Gala 2026","real_public","fashion_gala","2026-05-04","2026-05-04","evening","America/New_York","New York","USA","Metropolitan Museum of Art","exact","likely_invite","possible_invite","not_default","public_global","Fashion,Legacy,Serena,WME","very_high","high","North America long-haul; global image event","Use as extreme fashion/public-image pressure.","Theme: Costume Art. Not default attendance; huge if chosen.","official","https://www.vogue.com/met-gala"
"summer_house_2026_soft_map","Summer House / Villa Serena 2026 soft attendance map","canon_private","private_social","2026-05-05","2026-05-05","","Europe/London","London / Sardinia","UK / Italy","Serena inbox / Villa Serena staff","exact","private_admin","possible_admin","not_locked","private","Summer House,Brain Trust,Villa Serena Staff,Serena Management","low","low","Admin can happen from London; villa is open early June to late September","Use to track who might pass through the summer circuit without making it Alex-centered.","Private planning placeholder; Summer House is wider-world, not Alex's group.","canon",""
"cannes_film_festival_2026","Cannes Film Festival 2026","real_public","film_festival","2026-05-12","2026-05-23","","Europe/Paris","Cannes","France","Palais des Festivals / Croisette","exact","likely_invite","possible_invite","not_default","public_industry","Film,Fashion,Legacy,Serena,WME","high","high","Short Europe flight; South of France social logistics","Use as global film/fashion/social pressure.","Strong red-carpet lane but not automatic attendance.","official","https://www.festival-cannes.com/en/faq-cat/general-information/"
"pga_championship_2026","PGA Championship 2026","real_public","sport_golf","2026-05-14","2026-05-17","","America/New_York","Newtown Square","USA","Aronimink Golf Club","exact","public_weather","possible_invite","not_default","public_vip","US Sport,Brands,Legacy","medium","medium","Long-haul; overlaps FA Cup/EDC/Cannes build","Use as major-golf hospitality weather.","Possible invite only.","public","https://www.pgachampionship.com/"
"edc_las_vegas_2026","EDC Las Vegas 2026","real_public","music_festival","2026-05-15","2026-05-17","","America/Los_Angeles","Las Vegas","USA","Las Vegas Motor Speedway","exact","public_weather","public_weather","not_default","public","Summer House,Music,LA Lot,Party","medium","high","Transatlantic; mostly friend/social-media weather","Use as global festival/party texture.","Not default attendance.","official","https://lasvegas.electricdaisycarnival.com/guide/hours-and-info/"
"fa_cup_final_2026","FA Cup Final 2026","real_public","sport_football","2026-05-16","2026-05-16","","Europe/London","London","UK","Wembley Stadium","exact","public_weather","possible_invite","not_default","public","Boys,London Lot,Sport,Legacy","low","medium","London local","Use as domestic sport/social weekend weather.","Not default attendance.","official","https://www.thefa.com/news/2026/may/15/fa-cup-final-running-order"
"google_io_2026","Google I/O 2026","real_public","tech_launch","2026-05-19","2026-05-20","10:00 PT","America/Los_Angeles","Mountain View","USA","Shoreline Amphitheatre / online","exact","commercial_inbox","possible_inbox","not_default","public","Tech,Serena,WME","high","medium","US west coast long-haul or online/global","Use as Google/Pixel/YouTube/AI commercial context.","Tech platform weather; not default attendance.","public","https://www.androidcentral.com/phones/google-pixel/google-io-2026-what-to-expect"
"chelsea_flower_show_2026","RHS Chelsea Flower Show 2026","real_public","sport_society","2026-05-19","2026-05-23","","Europe/London","London","UK","Royal Hospital Chelsea","exact","possible_invite","possible_invite","not_default","public_vip","London Society,Family,Design,Legacy","low","medium","London local; easy social/royal-adjacent weather","Use as London society/design/family-office texture.","Possible invite only.","official","https://www.rhs.org.uk/shows-events/rhs-chelsea-flower-show"
"europa_league_final_2026","UEFA Europa League Final 2026","real_public","sport_football","2026-05-20","2026-05-20","","Europe/Istanbul","Istanbul","Turkey","Besiktas Park","exact","public_weather","public_weather","not_default","public","Sport,Europe,WME,Brands","medium","medium","Short-ish flight; relevant if English club/friends involved","Use as European football weather and travel/inbox noise.","Not default attendance.","official","https://www.uefa.com/uefaeuropaleague/final/"
"amfar_cannes_2026","amfAR Gala Cannes 2026","real_public","charity_gala","2026-05-21","2026-05-21","evening","Europe/Paris","Antibes / Cannes","France","Hotel du Cap-Eden-Roc","exact","possible_invite","possible_invite","not_default","public_industry","Fashion,Film,Legacy,Charity,Serena,WME","high","high","Pairs naturally with Cannes if in region","Use as Cannes charity/fashion/social-gala pressure.","Good charity room if cause/room feels real; high optics risk.","official","https://www.amfar.org/cannes"
"f1_canadian_gp_2026","Canadian Grand Prix 2026","real_public","sport_auto","2026-05-22","2026-05-24","","America/Toronto","Montreal","Canada","Circuit Gilles Villeneuve","exact","possible_invite","possible_invite","not_default","public_vip","F1,Canada,Auto,Luxury,WME","medium","medium","Transatlantic; late May North America option","Use as F1 hospitality and brand-weather option.","Possible invite only.","official","https://www.formula1.com/en/racing/2026"
"indy_500_2026","Indianapolis 500 2026","real_public","sport_auto","2026-05-24","2026-05-24","","America/New_York","Indianapolis","USA","Indianapolis Motor Speedway","exact","public_weather","possible_invite","not_default","public_vip","Auto,US Sport,WME,Brands","medium","medium","Long-haul; possible auto brand hospitality","Use if US auto brands are pitching broad Americana rather than pure luxury.","Not default attendance.","official","https://www.indianapolismotorspeedway.com/events/indy500"
"roland_garros_2026","Roland-Garros 2026","real_public","sport_tennis","2026-05-24","2026-06-07","","Europe/Paris","Paris","France","Stade Roland-Garros","exact","likely_invite","possible_invite","not_default","public_vip","Paris,Tennis,Fashion,Legacy,Brands","medium","medium","Short flight/train; Appartement Varenne makes Paris easy","Use as Paris sport/fashion/society weather.","Possible invite only.","official","https://www.rolandgarros.com/"
"champions_league_final_2026","UEFA Champions League Final 2026","real_public","sport_football","2026-05-30","2026-05-30","","Europe/Budapest","Budapest","Hungary","Puskas Arena","exact","likely_invite","possible_invite","not_default","public_vip","Sport,Brands,WME,Boys,Europe","high","high","Short Europe flight; huge brand/sport weekend","Use as major European sport and sponsor hospitality pressure.","Possible invite only.","official","https://www.uefa.com/uefachampionsleague/news/02a5-2092f53360cc-8ee51562d99f-1000--when-is-the-champions-league-final-where-you-are-what-time-i/"
"villa_serena_2026_season_ready","Villa Serena 2026 staffed summer season opens","canon_private","summer_residence","2026-06-01","2026-06-01","","Europe/Rome","Porto Cervo","Italy","Villa Serena","exact","season_marker","season_ready","not_attendance","private","FAM,Brain Trust,Legacy,Summer House overlap","low","low","Villa Serena can operate without Alex personally in residence","Use as seasonal readiness marker, not proof Alex is there.","Villa Serena is fully staffed roughly early June to late September; Alex does not have to be present.","canon",""
"london_festival_architecture_2026","London Festival of Architecture 2026","real_public","art_design","2026-06-01","2026-06-30","","Europe/London","London","UK","London-wide","exact","public_weather","social_overlap","not_default","public","Design,Architecture,Albury,Studio Ashby,London Lot","medium","medium","London local","Use as architecture/design weather, especially Albury/Sophie Ashby aftermath.","Month-long background; do not make it an obligation.","public","https://www.wallpaper.com/architecture/architecture-events/london-festival-of-architecture-2026-guide"
"tribeca_festival_2026","Tribeca Festival 2026","real_public","film_festival","2026-06-03","2026-06-14","","America/New_York","New York","USA","Tribeca / New York City venues","exact","public_weather","possible_invite","not_default","public_industry","Film,New York,WME,Brands","medium","medium","Transatlantic; overlaps European summer build-up","Use as New York media/film/brand weather.","Not default attendance.","official","https://www.tribecafilm.com/press-center/festival/press-releases/tribeca-festival--announces-25th-anniversary-edition-june-3-14-2026"
"nba_finals_2026","NBA Finals 2026","real_public","sport_basketball","2026-06-03","2026-06-19","","America/New_York","TBD","USA / Canada","Finalists' arenas","exact","public_weather","public_weather","not_attendance","public","US Sport,Brands,LA Lot,New York","high","medium","Mostly broadcast/social weather unless a direct invite appears","Use as major US sport/media noise through June.","Do not force attendance; use as public weather and brand chatter.","official","https://www.nba.com/news/2026-nba-finals-schedule"
"stanley_cup_final_2026","Stanley Cup Final 2026 window","real_public","sport_hockey","2026-06-03","2026-06-21","","America/New_York","TBD","USA / Canada","Finalists' arenas","approximate","public_weather","public_weather","not_attendance","public","US Sport,Canada,Brands","medium","low","Mostly broadcast/social weather unless in North America","Use as US/Canada sport texture in June.","Approximate final window; do not invent specific teams unless live state has them.","public","https://www.nhl.com/news/2026-stanley-cup-playoffs-conference-finals-schedule-television-results"
"primavera_sound_2026","Primavera Sound Barcelona 2026","real_public","music_festival","2026-06-04","2026-06-06","","Europe/Madrid","Barcelona","Spain","Parc del Fòrum","exact","public_weather","social_overlap","not_default","public","Summer House,Legacy,Music,Fashion","medium","medium","Short Europe flight","Use as early-summer music/fashion/social weather.","Not Alex default; friends may reference it.","public","https://en.wikipedia.org/wiki/Primavera_Sound_2026"
"epsom_derby_2026","Epsom Derby Festival 2026","real_public","sport_society","2026-06-05","2026-06-06","","Europe/London","Epsom","UK","Epsom Downs Racecourse","exact","possible_invite","possible_invite","not_default","public_vip","London Society,Racing,Legacy,Family","low","medium","Easy from London; society/racing weather before Ascot","Use as early-June UK society-sport texture.","Possible invite only.","public","https://www.thejockeyclub.co.uk/epsom/events-tickets/derby-festival/"
"governors_ball_2026","Governors Ball 2026","real_public","music_festival","2026-06-05","2026-06-07","","America/New_York","New York","USA","Flushing Meadows Corona Park","exact","public_weather","public_weather","not_default","public","Summer House,New York,Music,Brands","medium","medium","Transatlantic; may cluster with Tribeca","Use as New York youth/music/brand weather.","Not default attendance.","official","https://support.govball.com/hc/en-us/articles/12288656263188-What-are-the-location-dates-hours-of-Gov-Ball"
"monaco_gp_2026","Monaco Grand Prix 2026","real_public","sport_auto","2026-06-05","2026-06-07","","Europe/Monaco","Monte Carlo","Monaco","Circuit de Monaco","exact","likely_invite","possible_invite","not_default","public_industry","Auto,Luxury,Formula 1,Legacy,Serena,WME","high","high","Short Europe flight; yacht/hotel/brand logistics","Use as F1/luxury/auto-commercial pressure.","Strong Aston/Rolls/Range Rover/Louis Vuitton/watch lane; not automatic attendance.","official","https://www.formula1.com/en/latest/article/formula-1-louis-vuitton-grand-prix-de-monaco-2026.5eqj7xSRWW6dylGmncfs6T/"
"serpentine_pavilion_2026","Serpentine Pavilion 2026 opens","real_public","art_design","2026-06-06","2026-06-06","","Europe/London","London","UK","Serpentine South, Kensington Gardens","exact","public_weather","social_overlap","not_default","public","Art,Design,London Lot,Fashion","medium","medium","London local","Use as Kensington art/design social weather.","Opening marker only; pavilion remains on show through October.","public","https://www.wallpaper.com/architecture/serpentine-pavilion-2026-architects-announced"
"tony_awards_2026","79th Tony Awards","real_public","media_awards","2026-06-07","2026-06-07","","America/New_York","New York","USA","Radio City Music Hall","exact","possible_invite","possible_invite","not_default","public_vip","Theatre,New York,WME,Legacy","medium","medium","Transatlantic; theatre/society crossover","Use as Broadway/theatre award weather, especially if Drama/Westminster threads surface.","Possible invite only.","public","https://www.tonyawards.com/"
"wwdc_2026","Apple WWDC 2026","real_public","tech_launch","2026-06-08","2026-06-12","","America/Los_Angeles","Cupertino / online","USA","Apple Park / online","exact","commercial_inbox","possible_inbox","not_default","public","Tech,Serena,WME","very_high","medium","US west coast or online/global","Use as Apple brand pressure, distinct from Apple Music.","Major Apple software/AI platform weather; huge if Apple brand route active.","official","https://www.apple.com/uk/newsroom/2026/03/apples-worldwide-developers-conference-returns-the-week-of-june-8/"
"download_festival_2026","Download Festival 2026","real_public","music_festival","2026-06-10","2026-06-14","","Europe/London","Donington Park","UK","Donington Park","exact","public_weather","public_weather","not_default","public","Music,UK Friends,Festival Circuit","low","medium","UK local-ish; not Alex default","Use as rock/festival weather and friend chatter.","Not default attendance.","official","https://downloadfestival.co.uk/"
"le_mans_24h_2026","24 Hours of Le Mans 2026","real_public","sport_auto","2026-06-10","2026-06-14","","Europe/Paris","Le Mans","France","Circuit de la Sarthe","exact","likely_invite","possible_invite","not_default","public_vip","Auto,Endurance,Aston Martin,Ferrari,Luxury","high","medium","Short Europe flight; clashes with F1 Barcelona and UK festivals","Use as serious auto/luxury endurance-racing pressure.","Possible invite only.","official","https://www.fiawec.com/en/race/24-hours-of-le-mans-2026"
"fifa_world_cup_2026_open","FIFA World Cup 2026 opens","real_public","sport_football","2026-06-11","2026-06-11","","America/Mexico_City","Mexico City","Mexico","Estadio Azteca","exact","public_weather","public_weather","not_default","public","Global Sport,Brands,WME,Friends","high","medium","Global media weather; can affect every diary and brand inbox","Use as enormous public sport/media weather from June onward.","Do not make Alex attend by default; this changes the noise level.","official","https://www.fifa.com/en/tournaments/mens/worldcup/canadamexicousa2026/articles/match-schedule-fixtures-results-teams-stadiums"
"bonnaroo_2026","Bonnaroo 2026","real_public","music_festival","2026-06-11","2026-06-14","","America/Chicago","Manchester","USA","The Farm","exact","public_weather","public_weather","not_default","public","Music,US Friends,Festival Circuit","low","medium","Long-haul; friend/social-media weather","Use as US festival-calendar texture.","Not default attendance.","official","https://support.bonnaroo.com/hc/en-us/articles/4402684570132-When-and-where-will-the-festival-take-place"
"f1_barcelona_catalunya_gp_2026","Barcelona-Catalunya Grand Prix 2026","real_public","sport_auto","2026-06-12","2026-06-14","","Europe/Madrid","Barcelona","Spain","Circuit de Barcelona-Catalunya","exact","possible_invite","possible_invite","not_default","public_vip","F1,Spain,Auto,Luxury,WME","medium","medium","Short Europe flight; clashes with Le Mans","Use as F1 hospitality competing with Le Mans and June society events.","Possible invite only.","official","https://www.formula1.com/en/racing/2026"
"trooping_colour_2026","Trooping the Colour 2026","real_public","royal_state","2026-06-13","2026-06-13","10:00","Europe/London","London","UK","Horse Guards Parade","exact","public_weather","possible_protocol","not_default","public_state","Almanach,FAM,Royal,Press","medium","high","London local; protocol/public visibility","Use as royal/state public weather; do not force Alex attendance.","If used, title/protocol register matters; public facts are not a reveal.","official","https://kbp.army.mod.uk/kingsbirthdayparade/"
"pitti_uomo_110_2026","Pitti Uomo 110","real_public","fashion_week","2026-06-16","2026-06-19","","Europe/Rome","Florence","Italy","Fortezza da Basso","exact","public_weather","possible_invite","not_default","public_industry","Fashion,Menswear,Legacy","medium","medium","Short Europe flight; overlaps Royal Ascot","Use as menswear trade/fashion weather before Milan/Paris.","Overlaps UK society week; not default attendance.","official","https://media.pittimmagine.com/image/upload/v1777968866/EPITTI/UOMO/2026_110/PRESS/ENG/1%20NEWS/ENG_PU110_Press_release_highlights.pdf"
"royal_ascot_2026","Royal Ascot 2026","real_public","sport_society","2026-06-16","2026-06-20","","Europe/London","Ascot","UK","Ascot Racecourse","exact","likely_invite","possible_invite","not_default","public","Almanach,Polo,London Lot,Legacy","medium","medium","London/Ascot easy","Use as society/weather; do not assume attendance.","Likely social/protocol invitations exist; Alex chooses if played.","official","https://www.ascot.com/royal-ascot"
"ra_summer_exhibition_2026","Royal Academy Summer Exhibition 2026","real_public","art_design","2026-06-16","2026-08-23","","Europe/London","London","UK","Royal Academy of Arts, Burlington House","exact","public_weather","social_overlap","not_default","public","Art,London Lot,Design,Fashion","medium","medium","London local","Use as London art-world background and possible private-view weather.","Long exhibition; do not make daily attendance.","official","https://cdn.royalacademy.org.uk/files/00tacppuc0b7a8ca/SE26%20Schedule.pdf"
"sonar_barcelona_2026","Sonar Barcelona 2026","real_public","music_tech_festival","2026-06-18","2026-06-20","","Europe/Madrid","Barcelona","Spain","Fira Gran Via / Llotja de Mar","exact","public_weather","public_weather","not_default","public_industry","Electronic Music,Tech,Artists,Europe","medium","medium","Short Europe flight; overlaps Ascot, Art Basel Basel and birthday build","Use as electronic/creative-tech festival weather.","Not default attendance.","public","https://www.barcelonaturisme.cat/wv3/en/agenda/15723/sonar-2026.html"
"art_basel_basel_2026","Art Basel Basel 2026","real_public","art_design","2026-06-18","2026-06-21","","Europe/Zurich","Basel","Switzerland","Messe Basel","exact","possible_invite","possible_invite","not_default","public_industry","Art,Collectors,Fashion,Legacy","medium","medium","Short Europe flight; overlaps Ascot/Pitti","Use as collector/art-world pressure and travel conflict.","Potential collecting/fashion/art room; not default attendance.","public","https://www.basel.com/de/veranstaltungen/art-basel"
"isle_of_wight_festival_2026","Isle of Wight Festival 2026","real_public","music_festival","2026-06-18","2026-06-21","","Europe/London","Newport","UK","Seaclose Park","exact","public_weather","public_weather","not_default","public","Music,UK Friends,Festival Circuit","low","medium","UK travel; overlaps Royal Ascot, Solstice and Art Basel","Use as UK festival weather and friend conflict.","Not default attendance.","official","https://isleofwightfestival.com/EB2026"
"us_open_golf_2026","U.S. Open Golf 2026","real_public","sport_golf","2026-06-18","2026-06-21","","America/New_York","Southampton","USA","Shinnecock Hills Golf Club","exact","public_weather","possible_invite","not_default","public_vip","US Society,Sport,Brands,Legacy","medium","medium","Transatlantic; Hampton-adjacent society sport","Use as US society/sport hospitality weather.","Possible invite only.","public","https://www.southamptontownny.gov/2358/2026-US-Open-Championship"
"milan_mens_june_2026","Milan Fashion Week Men's June 2026","real_public","fashion_week","2026-06-19","2026-06-23","","Europe/Rome","Milan","Italy","Milano Moda Uomo venues","exact","likely_invite","possible_invite","not_default","public_industry","Fashion,Menswear,Donatella,Serena,WME","high","medium","Short Europe flight; Casa Borgonuovo makes Milan easy","Use as menswear/luxury pressure and Italian summer fashion weather.","Overlaps Ascot/Solstice/Birthday; do not assume attendance.","official","https://media.cameramoda.it/calendar"
"phoenix_hollow_solstice_2026","Phoenix Hollow Solstice Party 2026","canon_private","family_social","2026-06-21","2026-06-21","evening","America/New_York","Kentucky","USA","Phoenix Hollow","exact","annual_anchor","possible_family_anchor","not_locked","private","FAM,Phoenix Hollow","low","low","Transatlantic if Alex chooses annual family orbit","Use as annual family/godfamily anchor if Ryan moves to June 2026.","Annual Phoenix Hollow room; private unless Ryan changes live state.","canon",""
"alex_23_birthday","Alex turns 23","canon_private","birthday_family","2026-06-22","2026-06-22","","America/New_York","Kentucky / wherever Alex is live","USA / variable","Phoenix Hollow or live location","exact","annual_anchor","birthday","not_locked","private","FAM,Brain Trust,Boys","low","medium","Depends on live choices by June 2026","Use as birthday anchor, not pre-selecting location or party.","Location depends on live story; Phoenix Hollow is plausible but not forced.","canon",""
"cannes_lions_2026","Cannes Lions 2026","real_public","media_brand_forum","2026-06-22","2026-06-26","","Europe/Paris","Cannes","France","Palais des Festivals","exact","commercial_inbox","possible_inbox","not_default","public_industry","Advertising,Brands,WME,Tech,Luxury","high","medium","Short flight to Nice; overlaps Alex birthday/PFW menswear/F1 Austria build","Use as brand/agency/commercial weather, not film festival weather.","Commercial context only unless Ryan chooses attendance.","public","https://www.cannes.com/fr/agenda/annee-2026/juin/cannes-lions-2026.html"
"pfw_mens_june_2026","Paris Fashion Week Menswear June 2026","real_public","fashion_week","2026-06-23","2026-06-28","","Europe/Paris","Paris","France","PFW menswear venues","exact","likely_invite","possible_invite","not_default","public_industry","Fashion,Menswear,Legacy,Serena,WME","high","medium","Short flight/train; Appartement Varenne makes Paris easy","Use as menswear/luxury pressure after Milan.","Overlaps birthday aftermath; not automatic attendance.","official","https://www.fhcm.paris/en/upcoming-seasons-and-previous-editions"
"glastonbury_2026_fallow","Glastonbury 2026 fallow year / no festival","real_public","music_festival_absence","2026-06-24","2026-06-28","","Europe/London","Somerset","UK","Worthy Farm","approximate","public_weather","no_event","not_attendance","public","Summer House,London Lot,Legacy","low","low","No festival travel","Use as absence/weather: friends do not have Glastonbury plans in 2026.","Glastonbury is taking a fallow year in 2026, so do not schedule attendance.","public","https://www.independent.co.uk/arts-entertainment/music/glastonbury/glastonbury-tickets-2026-fallow-year-b2778978.html"
"f1_austrian_gp_2026","Austrian Grand Prix 2026","real_public","sport_auto","2026-06-26","2026-06-28","","Europe/Vienna","Spielberg","Austria","Red Bull Ring","exact","possible_invite","possible_invite","not_default","public_vip","F1,Auto,Europe,Brands","medium","medium","Short Europe flight; late June sports/fashion conflict","Use as F1 hospitality and travel conflict near Wimbledon start.","Possible invite only.","official","https://www.formula1.com/en/racing/2026"
"wimbledon_2026","The Championships Wimbledon 2026","real_public","sport_society","2026-06-29","2026-07-12","","Europe/London","London","UK","All England Club","exact","public_weather","possible_invite","not_default","public","London Lot,Almanach,Polo,Legacy","medium","medium","London local","Use as late-June/July London society-sport weather.","Starts within June; do not assume attendance.","public","https://www.wimbledon.com/pdf/AELTC_SUBMITTING_PHOTOGRAPHS_2026.pdf"
